# Eclipse catalogue 2025-2045, transcribed from NASA GSFC eclipse.gsfc.nasa.gov
#   lunar: https://eclipse.gsfc.nasa.gov/lunar.html + LEdecade2031 / LEdecade2041
#   solar: https://eclipse.gsfc.nasa.gov/SEdecade/SEdecade{2021,2031,2041}.html
# Times are instant of greatest eclipse in TD; TD-UTC is ~70s this era, far inside
# the +/-6h effect window, so they are used directly as UTC.
# type: 0 partial solar, 1 annular, 2 total solar, 3 hybrid,
#       4 penumbral lunar, 5 partial lunar, 6 total lunar
# magnitude: umbral magnitude for lunar (negative for penumbral), eclipse magnitude for solar
# date	time	type	magnitude
2025-03-14	06:59:56	6	1.178
2025-03-29	10:48:36	0	0.938
2025-09-07	18:12:58	6	1.362
2025-09-21	19:43:04	0	0.855
2026-02-17	12:13:05	1	0.963
2026-03-03	11:34:52	6	1.151
2026-08-12	17:47:05	2	1.039
2026-08-28	04:14:04	5	0.930
2027-02-06	16:00:47	1	0.928
2027-02-20	23:14:06	4	-0.057
2027-07-18	16:04:09	4	-1.068
2027-08-02	10:07:49	2	1.079
2027-08-17	07:14:59	4	-0.525
2028-01-12	04:14:13	5	0.066
2028-01-26	15:08:58	1	0.921
2028-07-06	18:20:57	5	0.389
2028-07-22	02:56:39	2	1.056
2028-12-31	16:53:15	6	1.246
2029-01-14	17:13:47	0	0.871
2029-06-12	04:06:13	0	0.458
2029-06-26	03:23:22	6	1.844
2029-07-11	15:37:18	0	0.230
2029-12-05	15:03:57	0	0.891
2029-12-20	22:43:12	6	1.117
2030-06-01	06:29:13	1	0.944
2030-06-15	18:34:34	5	0.502
2030-11-25	06:51:37	2	1.047
2030-12-09	22:28:51	4	-0.163
2031-05-07	03:52:02	4	-0.090
2031-05-21	07:16:04	1	0.959
2031-06-05	11:45:17	4	-0.820
2031-10-30	07:46:45	4	-0.320
2031-11-14	21:07:30	3	1.011
2032-04-25	15:14:51	6	1.191
2032-05-09	13:26:42	1	0.996
2032-10-18	19:03:40	6	1.103
2032-11-03	05:34:12	0	0.855
2033-03-30	18:02:35	2	1.046
2033-04-14	19:13:51	6	1.094
2033-09-23	13:54:31	0	0.689
2033-10-08	10:56:23	6	1.350
2034-03-20	10:18:45	2	1.046
2034-04-03	19:06:59	4	-0.227
2034-09-12	16:19:27	1	0.974
2034-09-28	02:47:37	5	0.014
2035-02-22	09:06:12	4	-0.053
2035-03-09	23:05:53	1	0.992
2035-08-19	01:12:15	5	0.104
2035-09-02	01:56:46	2	1.032
2036-02-11	22:13:06	6	1.299
2036-02-27	04:46:49	0	0.629
2036-07-23	10:32:06	0	0.199
2036-08-07	02:52:32	6	1.454
2036-08-21	17:25:45	0	0.862
2037-01-16	09:48:55	0	0.705
2037-01-31	14:01:38	6	1.207
2037-07-13	02:40:35	2	1.041
2037-07-27	04:09:53	5	0.809
2038-01-05	13:47:10	1	0.973
2038-01-21	03:49:52	4	-0.114
2038-06-17	02:45:02	4	-0.527
2038-07-02	13:32:54	1	0.991
2038-07-16	11:35:56	4	-0.495
2038-12-11	17:45:00	4	-0.289
2038-12-26	01:00:10	2	1.027
2039-06-06	18:54:25	5	0.885
2039-06-21	17:12:53	1	0.945
2039-11-30	16:56:28	5	0.943
2039-12-15	16:23:46	2	1.036
2040-05-11	03:43:02	0	0.531
2040-05-26	11:46:22	6	1.535
2040-11-04	19:09:01	0	0.807
2040-11-18	19:04:41	6	1.397
2041-04-30	11:52:20	2	1.019
2041-05-16	00:43:03	5	0.064
2041-10-25	01:36:21	1	0.947
2041-11-08	04:35:05	5	0.170
2042-04-05	14:30:11	4	-0.218
2042-04-20	02:17:30	2	1.061
2042-09-29	10:45:47	4	-0.003
2042-10-14	02:00:41	1	0.930
2043-03-25	14:32:04	6	1.114
2043-04-09	18:57:49	2	1.010
2043-09-19	01:51:50	6	1.256
2043-10-03	03:01:48	1	0.950
2044-02-28	20:24:39	1	0.960
2044-03-13	19:38:33	6	1.203
2044-08-23	01:17:01	2	1.036
2044-09-07	11:20:44	6	1.046
2045-02-16	23:56:06	1	0.928
2045-03-03	07:43:26	4	-0.017
2045-08-12	17:42:39	2	1.077
2045-08-27	13:54:50	4	-0.392
